First Investment Day,Last Investment Day,Return (%)
1930-02-20,1940-02-16,11.20520534454509
1930-03-24,1940-03-18,8.94936327853309
1930-04-21,1940-04-17,10.812431200937132
1930-05-21,1940-05-17,-8.960618241082106
1930-06-20,1940-06-14,-8.42741207310763
1930-07-21,1940-07-16,-6.626226404019072
1930-08-19,1940-08-15,-7.041281990034827
1930-09-18,1940-09-13,-3.7574537289806322
1930-10-20,1940-10-14,-1.2647876181722382
1930-11-17,1940-11-13,5.911766708678585
1930-12-17,1940-12-13,0.9049544018469848
1931-01-16,1941-01-10,2.7792759498775275
1931-02-16,1941-02-11,-5.282715825448073
1931-03-17,1941-03-13,-5.011039642033947
1931-04-16,1941-04-10,-7.314655432045757
1931-05-18,1941-05-12,-8.171409171900885
1931-06-15,1941-06-11,-5.4523811531280515
1931-07-15,1941-07-11,-0.7297490280754032
1931-08-14,1941-08-08,-1.0228668298051529
1931-09-14,1941-09-09,-0.9966809192035365
1931-10-13,1941-10-09,-4.411526488258114
1931-11-12,1941-11-07,-7.225812633383266
1931-12-14,1941-12-08,-12.577424756171451
1932-01-11,1942-01-07,-12.483703219487076
1932-02-10,1942-02-06,-13.890928529032523
1932-03-11,1942-03-06,-20.723611999990634
1932-04-11,1942-04-07,-20.505641641525404
1932-05-10,1942-05-07,-23.415507967856414
1932-06-09,1942-06-05,-19.121221094840614
1932-07-11,1942-07-06,-18.26115983202042
1932-08-08,1942-08-05,-19.744578190424512
1932-09-07,1942-09-04,-18.626058542469643
1932-10-07,1942-10-02,-14.294970791138761
1932-11-07,1942-11-02,-10.589252123640529
1932-12-06,1942-12-03,-12.16740316675974
1933-01-05,1942-12-31,-8.591736575236443
1933-02-06,1943-02-01,-1.8681569674241203
1933-03-15,1943-03-03,1.6132155608218544
1933-04-05,1943-04-02,6.380299238763752
1933-05-05,1943-04-30,5.881286691274242
1933-06-05,1943-06-01,10.844144724357115
1933-07-05,1943-07-01,12.299616690428698
1933-08-03,1943-07-30,7.6979092984881685
1933-09-05,1943-08-30,6.002302548035337
1933-10-02,1943-09-29,9.012651935771814
1933-11-01,1943-10-29,7.8941877101793585
1933-12-01,1943-11-26,0.769929104870971
1934-01-02,1943-12-28,3.6465408165948094
1934-01-30,1944-01-27,5.8467337461818465
1934-03-01,1944-02-25,6.379516701034012
1934-04-02,1944-03-27,8.992953419778663
1934-04-30,1944-04-26,5.893414942696671
1934-05-31,1944-05-26,9.999811338531018
1934-06-29,1944-06-23,15.82776306193824
1934-07-30,1944-07-25,14.786877481577015
1934-08-28,1944-08-24,14.61312914837075
1934-09-27,1944-09-22,12.68368439242893
1934-10-29,1944-10-23,13.703535777877484
1934-11-26,1944-11-22,13.402339744475142
1934-12-26,1944-12-22,15.80871602981985
1935-01-25,1945-01-19,18.27602749706571
1935-02-25,1945-02-20,24.67914800678164
1935-03-26,1945-03-22,19.608704300540307
1935-04-25,1945-04-20,25.992607587124244
1935-05-27,1945-05-21,28.286835684971784
1935-06-24,1945-06-20,30.88789199297804
1935-07-24,1945-07-20,25.992278017621555
1935-08-23,1945-08-17,25.3077090846139
1935-09-23,1945-09-18,35.28540632576005
1935-10-22,1945-10-18,42.54019469986012
1935-11-21,1945-11-16,44.545898902552395
1935-12-23,1945-12-17,43.777482332850205
1936-01-20,1946-01-16,55.69785377122795
1936-02-19,1946-02-15,55.882094885518555
1936-03-20,1946-03-15,45.91303698142482
1936-04-20,1946-04-16,59.20569946562875
1936-05-19,1946-05-16,57.03645069379915
1936-06-18,1946-06-14,57.95577932274577
1936-07-20,1946-07-15,50.6417944949289
1936-08-17,1946-08-14,52.63143814799197
1936-09-16,1946-09-13,28.487857280965162
1936-10-16,1946-10-11,22.741098512272483
1936-11-16,1946-11-12,25.427112621950705
1936-12-15,1946-12-12,27.330056522644064
1937-01-14,1947-01-10,28.15714667451939
1937-02-15,1947-02-10,35.04804789663187
1937-03-15,1947-03-12,26.07814424241554
1937-04-14,1947-04-11,24.117048458943483
1937-05-14,1947-05-09,23.51299981677902
1937-06-14,1947-06-10,23.040097029212493
1937-07-13,1947-07-10,32.44287917285739
1937-08-12,1947-08-08,30.35944328765251
1937-09-13,1947-09-08,25.70096001518219
1937-10-11,1947-10-08,28.296747133340457
1937-11-10,1947-11-07,29.359690988300898
1937-12-10,1947-12-05,23.392586723564698
1938-01-10,1948-01-06,27.33123634184656
1938-02-08,1948-02-05,19.147058805611003
1938-03-10,1948-03-05,18.223851100725835
1938-04-11,1948-04-05,26.70679976606803
1938-05-09,1948-05-05,28.780857261257836
1938-06-08,1948-06-04,37.34272669930642
1938-07-08,1948-07-02,38.899807907029185
1938-08-08,1948-08-03,30.75208950937705
1938-09-06,1948-09-02,33.29662317191818
1938-10-06,1948-10-01,28.360580124150058
1938-11-07,1948-11-01,36.52180219605097
1938-12-05,1948-12-01,22.625550223573548
1939-01-04,1948-12-31,24.18009871304254
1939-02-03,1949-01-28,24.054653122430302
1939-03-06,1949-03-01,19.687169510259903
1939-04-04,1949-03-31,22.599092534456926
1939-05-04,1949-04-29,19.418843490152025
1939-06-05,1949-05-27,17.530219453050254
1939-07-03,1949-06-29,13.938500664832295
1939-08-02,1949-07-29,21.349903531213872
1939-09-01,1949-08-26,23.081338869709224
1939-10-02,1949-09-27,23.830843517145453
1939-10-31,1949-10-27,29.564376280879483
1939-11-30,1949-11-25,29.000260568442428
1940-01-02,1949-12-23,33.031743989185635
1940-01-29,1950-01-25,33.597926466922516
1940-02-28,1950-02-24,37.56096131294354
1940-03-29,1950-03-24,39.42544330955814
1940-04-29,1950-04-25,41.20896947590247
1940-05-28,1950-05-25,47.99006096021849
1940-06-27,1950-06-23,50.544267258333164
1940-07-29,1950-07-24,36.80948963008935
1940-08-26,1950-08-23,46.62172956816041
1940-09-25,1950-09-22,50.70830417134259
1940-10-25,1950-10-20,54.06698232089906
1940-11-25,1950-11-21,52.798102654183324
1940-12-24,1950-12-21,52.909154138998794
1941-01-23,1951-01-19,62.632683634513796
1941-02-24,1951-02-19,65.3306075529412
1941-03-24,1951-03-21,62.86494301500205
1941-04-23,1951-04-20,64.99819601471849
1941-05-23,1951-05-18,59.90599208927792
1941-06-23,1951-06-19,62.501492694430794
1941-07-22,1951-07-19,60.10373186566562
1941-08-21,1951-08-17,67.22622218653393
1941-09-22,1951-09-17,71.11333467873628
1941-10-20,1951-10-17,70.64131129467599
1941-11-19,1951-11-16,63.30140406455664
1941-12-19,1951-12-14,66.15421332426564
1942-01-19,1952-01-15,69.53582786250638
1942-02-17,1952-02-14,66.89914068107122
1942-03-19,1952-03-14,64.66725928358814
1942-04-20,1952-04-14,64.54075887121907
1942-05-18,1952-05-14,60.944690741705855
1942-06-17,1952-06-13,63.84601590366803
1942-07-17,1952-07-11,66.20784507966361
1942-08-17,1952-08-12,66.80409201015095
1942-09-15,1952-09-11,61.37450224984191
1942-10-15,1952-10-10,58.636289652864534
1942-11-16,1952-11-10,58.69121660869153
1942-12-14,1952-12-10,64.98001711990041
1943-01-13,1953-01-09,64.13253706781799
1943-02-15,1953-02-06,65.4073692192251
1943-03-15,1953-03-10,60.48732996342609
1943-04-13,1953-04-09,53.130977033514135
1943-05-13,1953-05-08,52.22433414085802
1943-06-14,1953-06-08,45.981503896417244
1943-07-12,1953-07-08,48.07460537781485
1943-08-11,1953-08-07,48.90174925540517
1943-09-10,1953-09-04,40.79945211472193
1943-10-11,1953-10-06,38.98008024236856
1943-11-09,1953-11-05,45.58643129533833
1943-12-09,1953-12-04,46.55281015860167
1944-01-10,1954-01-04,45.37089480692145
1944-02-07,1954-02-03,50.602494631400695
1944-03-08,1954-03-05,52.45787442980762
1944-04-10,1954-04-02,55.379657913336665
1944-05-08,1954-05-04,60.3592983449861
1944-06-06,1954-06-03,64.12523482937664
1944-07-06,1954-07-02,65.45039697710678
1944-08-07,1954-08-02,72.17162651409753
1944-09-05,1954-09-01,65.77276689385756
1944-10-04,1954-10-01,76.91617306506701
1944-11-03,1954-10-29,72.95958351203399
1944-12-04,1954-11-30,85.60108383686662
1945-01-02,1954-12-30,92.30121285264516
1945-02-01,1955-01-28,93.28064265153262
1945-03-05,1955-02-28,94.89294846628682
1945-04-02,1955-03-30,92.31864966280283
1945-05-02,1955-04-29,98.4635965407974
1945-06-01,1955-05-27,96.9976435461686
1945-07-02,1955-06-28,110.38233933448981
1945-07-31,1955-07-28,123.5477904192279
1945-08-30,1955-08-26,119.2253282500954
1945-10-01,1955-09-26,115.31436225165012
1945-10-29,1955-10-26,112.75776005046623
1945-11-28,1955-11-25,128.36449312388808
1945-12-28,1955-12-23,126.10582468893176
1946-01-28,1956-01-24,115.47344250347136
1946-02-26,1956-02-23,120.95632207847041
1946-03-28,1956-03-23,138.42017786535655
1946-04-29,1956-04-23,131.19406256836277
1946-05-27,1956-05-23,117.19646161111432
1946-06-26,1956-06-22,123.6854051312055
1946-07-26,1956-07-20,135.6710380611995
1946-08-26,1956-08-21,127.3155898658822
1946-09-24,1956-09-20,118.00111383371036
1946-10-24,1956-10-19,116.42571574295143
1946-11-25,1956-11-19,110.3832948135371
1946-12-23,1956-12-19,113.66466607835555
1947-01-22,1957-01-18,103.85761531710918
1947-02-21,1957-02-15,97.11225368761617
1947-03-24,1957-03-19,98.08873140567319
1947-04-22,1957-04-18,102.73078877204615
1947-05-22,1957-05-17,108.76284983257511
1947-06-23,1957-06-17,111.4490655943795
1947-07-21,1957-07-17,111.09554652830387
1947-08-20,1957-08-16,97.60512015392297
1947-09-19,1957-09-13,91.6000385927454
1947-10-20,1957-10-15,76.6627768374139
1947-11-18,1957-11-14,65.97231711651811
1947-12-18,1957-12-13,70.01471106376843
1948-01-19,1958-01-13,67.71712077885806
1948-02-16,1958-02-12,68.15291996192639
1948-03-17,1958-03-14,72.28479950231372
1948-04-16,1958-04-11,68.18751796136989
1948-05-17,1958-05-13,74.11391222467894
1948-06-15,1958-06-12,77.1910669539089
1948-07-15,1958-07-11,79.68170569543018
1948-08-16,1958-08-11,87.71151886258114
1948-09-13,1958-09-10,86.66377595513724
1948-10-13,1958-10-10,96.63835020200352
1948-11-12,1958-11-07,98.40614238747666
1948-12-13,1958-12-09,98.39752421487373
1949-01-11,1959-01-08,105.81882804374885
1949-02-10,1959-02-06,100.05982291190634
1949-03-14,1959-03-09,104.18405247017904
1949-04-11,1959-04-08,102.14343498123193
1949-05-11,1959-05-08,103.7816130552444
1949-06-10,1959-06-05,102.14746686776313
1949-07-11,1959-07-07,108.12481697539864
1949-08-09,1959-08-06,106.25790837391446
1949-09-08,1959-09-04,98.09082080389452
1949-10-10,1959-10-05,91.07433916476178
1949-11-07,1959-11-04,89.31772238670024
1949-12-07,1959-12-04,92.34227127668169
1950-01-06,1959-12-31,94.27844379179339
1950-02-06,1960-02-02,81.6108080266115
1950-03-07,1960-03-03,73.29096459051688
1950-04-06,1960-04-01,73.4735135749146
1950-05-08,1960-05-02,67.70870824773834
1950-06-05,1960-06-01,71.48238228311212
1950-07-05,1960-07-01,73.33780188967032
1950-08-04,1960-07-29,67.42011543812853
1950-09-05,1960-08-30,69.65549740084562
1950-10-03,1960-09-29,55.4837309991156
1950-11-02,1960-10-28,56.36866300742432
1950-12-04,1960-11-28,62.62083330268112
1951-01-02,1960-12-28,66.03650822969891
1951-01-31,1961-01-27,75.30379904891493
1951-03-02,1961-02-24,77.39706680994638
1951-04-02,1961-03-28,80.14386636328187
1951-05-01,1961-04-27,81.43878081732868
1951-05-31,1961-05-26,83.56245906601075
1951-07-02,1961-06-26,75.44054048426688
1951-07-30,1961-07-26,78.34801778475187
1951-08-29,1961-08-25,81.60260792782658
1951-09-28,1961-09-22,77.47471226207331
1951-10-29,1961-10-24,79.3346373842325
1951-11-27,1961-11-22,87.44857930196905
1951-12-27,1961-12-22,83.54457111417672
1952-01-28,1962-01-22,76.42708782204953
1952-02-25,1962-02-21,78.88648222315204
1952-03-26,1962-03-23,77.48868139454126
1952-04-25,1962-04-19,71.29980123431098
1952-05-26,1962-05-22,54.21479255553475
1952-06-24,1962-06-21,31.404643104707404
1952-07-24,1962-07-20,38.22326610082734
1952-08-25,1962-08-20,43.40255377221956
1952-09-22,1962-09-19,41.305207153953084
1952-10-22,1962-10-19,32.26439831169094
1952-11-21,1962-11-16,41.86553561462685
1952-12-22,1962-12-18,45.12069033621236
1953-01-20,1963-01-17,51.118030420615426
1953-02-19,1963-02-15,52.89214098467091
1953-03-23,1963-03-18,49.76844279285553
1953-04-20,1963-04-17,56.034634549204945
1953-05-20,1963-05-17,57.598691326906994
1953-06-19,1963-06-14,56.032732514143454
1953-07-20,1963-07-16,52.00222346752741
1953-08-18,1963-08-15,55.38211104129419
1953-09-17,1963-09-13,57.67781463659563
1953-10-19,1963-10-14,53.96980355970925
1953-11-16,1963-11-13,54.41966322338859
1953-12-16,1963-12-13,54.344617530736286
1954-01-15,1964-01-10,57.15112763084056
1954-02-15,1964-02-11,57.710371115914846
1954-03-16,1964-03-12,59.57874741999781
1954-04-15,1964-04-10,59.41379797177751
1954-05-17,1964-05-11,59.89927174160851
1954-06-14,1964-06-10,55.601452173970934
1954-07-14,1964-07-10,61.6409389256839
1954-08-13,1964-08-07,57.318263572685794
1954-09-13,1964-09-08,57.78413137577913
1954-10-12,1964-10-08,60.49396883954764
1954-11-11,1964-11-06,59.38617573774948
1954-12-13,1964-12-07,56.419414679929325
1955-01-10,1965-01-06,56.314007969806426
1955-02-09,1965-02-05,59.539747227340946
1955-03-11,1965-03-05,57.56929539525891
1955-04-11,1965-04-06,55.83179903715132
1955-05-10,1965-05-06,60.85076663300361
1955-06-09,1965-06-04,54.682558848113985
1955-07-11,1965-07-02,50.18650928505694
1955-08-08,1965-08-04,50.49328855144739
1955-09-07,1965-09-03,53.571758359002516
1955-10-07,1965-10-01,55.917251927335855
1955-11-07,1965-11-01,58.909792206714954
1955-12-06,1965-12-02,56.25608435377758
1956-01-05,1965-12-31,57.9881958737856
1956-02-06,1966-01-31,57.84451287066552
1956-03-05,1966-03-02,50.208535676582585
1956-04-04,1966-04-01,50.74914700789852
1956-05-04,1966-04-29,52.33191154633157
1956-06-04,1966-05-31,43.38538085009368
1956-07-03,1966-06-30,40.33897338240516
1956-08-02,1966-07-29,37.7919625622414
1956-09-04,1966-08-29,22.345914750811108
1956-10-01,1966-09-28,26.06637350728649
1956-10-31,1966-10-28,30.956138671916953
1956-11-30,1966-11-25,31.358476103837113
1956-12-31,1966-12-27,30.931639025012338
1957-01-29,1967-01-26,38.12059399928733
1957-02-28,1967-02-24,39.96695540417286
1957-04-01,1967-03-27,44.101843585343246
1957-04-29,1967-04-26,47.093103739231246
1957-05-29,1967-05-26,42.98648693576122
1957-06-28,1967-06-23,43.81825057069159
1957-07-29,1967-07-25,44.960959593690184
1957-08-27,1967-08-24,44.04373051181242
1957-09-26,1967-09-22,49.27156332618928
1957-10-28,1967-10-23,45.20973539637082
1957-11-25,1967-11-22,42.092151623235665
1957-12-26,1967-12-22,43.434517111103965
1958-01-24,1968-01-19,42.277466255200245
1958-02-24,1968-02-20,35.37008609088284
1958-03-25,1968-03-21,30.02122064519124
1958-04-24,1968-04-19,40.02766807718442
1958-05-26,1968-05-20,39.85716753114784
1958-06-23,1968-06-18,43.91640522681664
1958-07-23,1968-07-19,43.52608854801731
1958-08-22,1968-08-16,40.055105943294286
1958-09-22,1968-09-17,43.1019776287376
1958-10-21,1968-10-17,45.68604385373106
1958-11-20,1968-11-15,47.25582667734762
1958-12-22,1968-12-16,48.21668506145546
1959-01-19,1969-01-15,39.870768762791876
1959-02-18,1969-02-14,41.930181958090486
1959-03-20,1969-03-14,33.56000539035918
1959-04-20,1969-04-15,37.645981747038064
1959-05-19,1969-05-15,42.826520403506876
1959-06-18,1969-06-13,32.543910300213625
1959-07-20,1969-07-14,26.463611905427847
1959-08-17,1969-08-13,23.541167278725784
1959-09-16,1969-09-12,24.996522395259078
1959-10-16,1969-10-10,23.702881923362558
1959-11-16,1969-11-11,29.116320788232645
1959-12-15,1969-12-11,18.643708140801667
1960-01-14,1970-01-09,20.665388123768455
1960-02-15,1970-02-09,13.252245231081819
1960-03-14,1970-03-11,14.96812262840207
1960-04-13,1970-04-10,13.831591169242754
1960-05-13,1970-05-08,2.093761506958972
1960-06-13,1970-06-09,-2.3767332854979393
1960-07-12,1970-07-09,-5.381490112080819
1960-08-11,1970-08-07,-1.589158107653629
1960-09-12,1970-09-04,5.137195177709747
1960-10-10,1970-10-07,9.83408611704773
1960-11-09,1970-11-06,5.9740349629314435
1960-12-09,1970-12-04,12.045160441779714
1961-01-09,1971-01-05,14.441240662058746
1961-02-07,1971-02-04,19.925636906067457
1961-03-09,1971-03-05,22.345182399886315
1961-04-10,1971-04-05,24.10784839441494
1961-05-08,1971-05-05,27.306206079114975
1961-06-07,1971-06-04,23.856522093467593
1961-07-07,1971-07-02,21.55744785761524
1961-08-07,1971-08-03,14.758483796120256
1961-09-05,1971-09-02,20.18231914070274
1961-10-05,1971-10-01,19.351880432034847
1961-11-06,1971-11-01,11.630843368886175
1961-12-04,1971-12-01,14.502844515021904
1962-01-03,1971-12-31,22.317461503493572
1962-02-02,1972-01-28,24.421174892195207
1962-03-05,1972-02-29,26.885096474342923
1962-04-03,1972-03-30,27.201829380575056
1962-05-03,1972-04-28,27.273341281981477
1962-06-04,1972-05-26,30.34320093435552
1962-07-02,1972-06-28,25.311547944289337
1962-08-01,1972-07-28,24.963637952065756
1962-08-31,1972-08-25,28.53503355465252
1962-10-01,1972-09-26,24.36523449960141
1962-10-30,1972-10-26,27.413331695691152
1962-11-29,1972-11-24,33.62482143629787
1962-12-31,1972-12-22,31.23727718921706
1963-01-28,1973-01-24,31.455661954658158
1963-02-27,1973-02-23,26.86658234998983
1963-03-29,1973-03-23,21.44221990981654
1963-04-29,1973-04-24,22.085153263576608
1963-05-28,1973-05-24,18.476492400017317
1963-06-27,1973-06-22,14.301409665851047
1963-07-29,1973-07-23,18.092542683318754
1963-08-26,1973-08-22,9.93553148872926
1963-09-25,1973-09-21,16.841415373732673
1963-10-25,1973-10-19,19.694622686492753
1963-11-26,1973-11-20,6.818482931602397
1963-12-24,1973-12-20,2.1167490341957107
1964-01-23,1974-01-18,2.9258712985352036
1964-02-24,1974-02-15,-0.8159639373375398
1964-03-23,1974-03-20,4.674640476095741
1964-04-22,1974-04-19,0.4105562226665246
1964-05-22,1974-05-17,-5.644549958294996
1964-06-22,1974-06-18,-4.415562161932511
1964-07-21,1974-07-18,-10.535926974321612
1964-08-20,1974-08-16,-19.140872297549826
1964-09-21,1974-09-16,-29.10129123117485
1964-10-19,1974-10-16,-24.52945977628682
1964-11-18,1974-11-15,-22.737729257430455
1964-12-18,1974-12-13,-27.772859962450884
1965-01-18,1975-01-14,-22.686063510667363
1965-02-16,1975-02-13,-12.519453515071458
1965-03-18,1975-03-14,-8.439860568394565
1965-04-19,1975-04-14,-7.511630027121709
1965-05-17,1975-05-14,-0.30383541597945646
1965-06-16,1975-06-13,-2.187278258977679
1965-07-16,1975-07-11,2.1797731386729033
1965-08-16,1975-08-12,-5.995236280176741
1965-09-14,1975-09-11,-9.9588879197843
1965-10-14,1975-10-10,-4.774168645832121
1965-11-15,1975-11-10,-3.529259617160173
1965-12-13,1975-12-10,-4.875692907643805
1966-01-12,1976-01-09,2.5432548324524085
1966-02-11,1976-02-06,7.331082142662367
1966-03-14,1976-03-09,8.507923835338854
1966-04-12,1976-04-08,9.113627017780082
1966-05-12,1976-05-07,9.72380199010522
1966-06-13,1976-06-07,6.086681222799448
1966-07-11,1976-07-07,11.498839069238235
1966-08-10,1976-08-06,11.296236584396754
1966-09-09,1976-09-03,11.65481891963701
1966-10-10,1976-10-05,10.21572444472428
1966-11-09,1976-11-04,9.018212343639526
1966-12-08,1976-12-03,9.150387338487151
1967-01-09,1977-01-03,13.370468840249345
1967-02-06,1977-02-02,8.249236755456486
1967-03-08,1977-03-04,6.887644227626488
1967-04-07,1977-04-01,4.682142507490395
1967-05-08,1977-05-03,4.818471464949314
1967-06-06,1977-06-02,1.9621938771107117
1967-07-06,1977-07-01,5.409085172901045
1967-08-07,1977-08-01,4.304635361607377
1967-09-05,1977-08-31,1.8317546715008273
1967-10-04,1977-09-30,1.5551471360202869
1967-11-03,1977-10-28,-2.563047460616372
1967-12-04,1977-11-29,-0.5231489640195075
1968-01-02,1977-12-29,-0.10922517584748069
1968-02-01,1978-01-27,-6.782129701432268
1968-03-04,1978-02-27,-7.652958492183249
1968-04-01,1978-03-29,-5.624571020873206
1968-05-01,1978-04-28,1.9849106453604992
1968-05-31,1978-05-26,1.6922883420262405
1968-07-01,1978-06-27,0.06037247144583186
1968-07-30,1978-07-27,4.8768102173109416
1968-08-29,1978-08-25,10.485278189402289
1968-09-30,1978-09-25,7.215138812288606
1968-10-28,1978-10-25,2.4158937660894564
1968-11-27,1978-11-24,0.8381028484823181
1968-12-27,1978-12-22,1.4973310578195895
1969-01-27,1979-01-23,6.096078589150907
1969-02-25,1979-02-22,3.7610163585411875
1969-03-27,1979-03-23,7.1982121650699575
1969-04-28,1979-04-23,7.163257844328211
1969-05-26,1979-05-23,5.387032463947427
1969-06-25,1979-06-22,8.381277614395033
1969-07-25,1979-07-20,7.529159468700737
1969-08-25,1979-08-21,14.88823625430805
1969-09-23,1979-09-20,16.463139203538823
1969-10-23,1979-10-19,6.922576331220174
1969-11-24,1979-11-19,9.683510041997563
1969-12-22,1979-12-19,13.775086535865222
1970-01-21,1980-01-18,16.6809810020681
1970-02-20,1980-02-15,20.979581661120317
1970-03-23,1980-03-18,8.941175751860724
1970-04-21,1980-04-17,5.657555437863101
1970-05-21,1980-05-16,12.187057467012613
1970-06-22,1980-06-16,20.876809151841837
1970-07-20,1980-07-16,24.048482494539893
1970-08-19,1980-08-15,29.88600891700115
1970-09-18,1980-09-12,29.164475698413046
1970-10-19,1980-10-14,35.38741275378254
1970-11-17,1980-11-13,39.489632786343996
1970-12-17,1980-12-12,31.534078961430072
1971-01-18,1981-01-12,35.45510356588207
1971-02-16,1981-02-11,29.774127918953074
1971-03-17,1981-03-13,34.37448355978251
1971-04-16,1981-04-10,35.46924703748024
1971-05-17,1981-05-12,31.44932686273091
1971-06-15,1981-06-11,34.23192418471233
1971-07-15,1981-07-10,29.59966963203986
1971-08-16,1981-08-10,32.47911094958113
1971-09-13,1981-09-09,18.140355277321557
1971-10-13,1981-10-09,21.036914091815863
1971-11-12,1981-11-06,22.05336353154033
1971-12-13,1981-12-08,23.862891137764436
1972-01-11,1982-01-07,17.797121848695745
1972-02-10,1982-02-05,16.016922326572498
1972-03-13,1982-03-08,6.144992634545236
1972-04-10,1982-04-07,14.108144337962209
1972-05-10,1982-05-07,18.025431993500845
1972-06-09,1982-06-04,8.732435111112459
1972-07-10,1982-07-06,5.948115856752759
1972-08-08,1982-08-05,3.8217542280629813
1972-09-07,1982-09-03,21.07029196437499
1972-10-09,1982-10-04,19.830609488386635
1972-11-06,1982-11-03,40.680551373781185
1972-12-06,1982-12-03,36.380056910383914
1973-01-05,1982-12-31,38.450598226904646
1973-02-05,1983-02-01,40.271022648667525
1973-03-06,1983-03-03,50.29287558140448
1973-04-05,1983-03-31,49.93242984778529
1973-05-07,1983-05-02,58.016681880387786
1973-06-04,1983-06-01,58.06866516814752
1973-07-05,1983-07-01,63.47859780552376
1973-08-03,1983-07-29,57.570959777280564
1973-09-04,1983-08-30,57.15419710312805
1973-10-02,1983-09-29,61.157251064538656
1973-11-01,1983-10-28,57.00707470193084
1973-12-03,1983-11-28,59.61287597004563
1973-12-31,1983-12-28,57.919470577419794
1974-01-30,1984-01-27,56.02820760450158
1974-03-01,1984-02-24,49.234933367481304
1974-04-01,1984-03-27,48.49244971479023
1974-04-30,1984-04-26,50.95869096799929
1974-05-30,1984-05-25,42.24645990332899
1974-07-01,1984-06-25,43.584641928946475
1974-07-29,1984-07-25,38.53691855146992
1974-08-28,1984-08-24,55.311607530493255
1974-09-27,1984-09-21,52.667882615020154
1974-10-28,1984-10-23,52.480605298028415
1974-11-26,1984-11-21,49.114974175972
1974-12-26,1984-12-21,48.91246409237647
1975-01-27,1985-01-21,56.24546579717713
1975-02-24,1985-02-20,60.31688021656881
1975-03-26,1985-03-22,57.4020305267952
1975-04-25,1985-04-19,58.17374489538625
1975-05-27,1985-05-21,64.64866992368304
1975-06-24,1985-06-20,61.200563588869905
1975-07-24,1985-07-19,67.6682897969837
1975-08-25,1985-08-19,59.30167384678735
1975-09-22,1985-09-18,54.35230290449018
1975-10-22,1985-10-18,57.738124038518315
1975-11-21,1985-11-15,66.09388470692322
1975-12-22,1985-12-17,75.58639036787248
1976-01-20,1986-01-16,73.06312652521045
1976-02-19,1986-02-14,80.82720041601796
1976-03-22,1986-03-17,92.03035840110698
1976-04-19,1986-04-16,97.08758873542331
1976-05-19,1986-05-16,88.30703232786483
1976-06-18,1986-06-13,97.54498559424228
1976-07-19,1986-07-15,86.73435748948984
1976-08-17,1986-08-14,95.68055578700043
1976-09-16,1986-09-12,82.22581101110029
1976-10-18,1986-10-13,85.39892161604851
1976-11-15,1986-11-12,92.71528241652139
1976-12-15,1986-12-12,91.99432734419538
1977-01-14,1987-01-09,99.71888788796765
1977-02-14,1987-02-10,111.00833177511231
1977-03-15,1987-03-12,121.82752232907828
1977-04-14,1987-04-10,121.20813124134988
1977-05-16,1987-05-11,118.94992383452797
1977-06-13,1987-06-10,121.71064188866767
1977-07-13,1987-07-10,128.10790062620276
1977-08-12,1987-08-07,137.12431329525626
1977-09-12,1987-09-08,128.37017752597805
1977-10-11,1987-10-08,126.94783658708046
1977-11-10,1987-11-06,79.44389771192172
1977-12-12,1987-12-07,62.77082566341111
1978-01-09,1988-01-06,82.84023098272031
1978-02-08,1988-02-05,75.74183392320944
1978-03-10,1988-03-04,85.53076941115295
1978-04-10,1988-04-05,77.8060497492606
1978-05-09,1988-05-05,76.4932137650964
1978-06-08,1988-06-03,80.18222356543508
1978-07-10,1988-07-01,82.3671096790798
1978-08-07,1988-08-03,81.57052116276415
1978-09-06,1988-09-02,74.61800873676938
1978-10-06,1988-09-30,78.85741321117966
1978-11-06,1988-11-01,81.53346596091652
1978-12-05,1988-12-01,75.69238376049982
1979-01-04,1988-12-30,78.13668643849488
1979-02-05,1989-01-30,87.66022340447248
1979-03-05,1989-03-01,80.31496404968664
1979-04-04,1989-03-31,84.18437336684043
1979-05-04,1989-04-28,91.7919754057967
1979-06-04,1989-05-30,95.83606525186651
1979-07-03,1989-06-29,94.36537710993849
1979-08-02,1989-07-28,106.12926012749404
1979-09-04,1989-08-28,110.15267118156254
1979-10-01,1989-09-27,104.11685613725948
1979-10-31,1989-10-27,97.49869184259302
1979-11-30,1989-11-24,100.69814670574004
1979-12-31,1989-12-26,100.41983107660606
1980-01-29,1990-01-25,86.50700728558893
1980-02-28,1990-02-23,83.92677983402213
1980-03-31,1990-03-26,90.18340678701503
1980-04-28,1990-04-25,85.06332294998477
1980-05-28,1990-05-25,95.57636533408136
1980-06-27,1990-06-22,94.11295105474893
1980-07-28,1990-07-24,92.45560582852677
1980-08-26,1990-08-23,64.65942329192991
1980-09-25,1990-09-21,65.59877556005466
1980-10-27,1990-10-22,66.2216553925981
1980-11-24,1990-11-21,65.56496817437633
1980-12-24,1990-12-21,72.68372041937492
1981-01-23,1991-01-18,71.8484591525489
1981-02-23,1991-02-19,89.60717238997469
1981-03-24,1991-03-21,86.55828346446893
1981-04-23,1991-04-19,94.06843312603176
1981-05-26,1991-05-20,86.55845181627222
1981-06-22,1991-06-19,86.43879265165731
1981-07-22,1991-07-19,89.46140930062188
1981-08-21,1991-08-16,88.47223128090474
1981-09-21,1991-09-17,86.90790950692613
1981-10-20,1991-10-17,88.01652820985454
1981-11-19,1991-11-15,81.80770652959251
1981-12-21,1991-12-16,80.93924758817232
1982-01-18,1992-01-15,96.17532437137109
1982-02-17,1992-02-14,90.33867230647296
1982-03-19,1992-03-13,85.20992700155755
1982-04-19,1992-04-14,85.88628902867129
1982-05-18,1992-05-14,84.15097334736615
1982-06-17,1992-06-12,80.647496357666
1982-07-19,1992-07-13,80.48668275317907
1982-08-16,1992-08-12,79.59558570058063
1982-09-15,1992-09-11,77.7289283220856
1982-10-15,1992-10-09,68.44684986986063
1982-11-15,1992-11-10,73.32262033992188
1982-12-14,1992-12-10,78.19279831888909
1983-01-13,1993-01-08,74.0047734640975
1983-02-14,1993-02-08,79.82210198494806
1983-03-14,1993-03-10,81.54878076858002
1983-04-13,1993-04-08,74.11685835451351
1983-05-13,1993-05-07,72.75822177991509
1983-06-13,1993-06-08,72.24537980417351
1983-07-12,1993-07-08,72.38530040581253
1983-08-11,1993-08-06,70.99135481408297
1983-09-12,1993-09-03,74.26150802988096
1983-10-10,1993-10-06,72.46832181534064
1983-11-09,1993-11-05,70.63574864618342
1983-12-09,1993-12-03,71.11941021361719
1984-01-09,1994-01-04,70.27950952867964
1984-02-07,1994-02-03,73.85746678079691
1984-03-08,1994-03-04,66.53597212933103
1984-04-09,1994-04-04,55.809982892252755
1984-05-07,1994-05-04,58.808300522527404
1984-06-06,1994-06-03,60.18297336238403
1984-07-06,1994-07-01,53.79626717699251
1984-08-06,1994-08-02,56.94188193630998
1984-09-04,1994-09-01,59.6603781353257
1984-10-04,1994-09-30,55.11779520763572
1984-11-05,1994-10-31,56.77071411908212
1984-12-03,1994-11-30,49.14197235476889
1985-01-02,1994-12-30,49.47823130692692
1985-02-01,1995-01-27,51.5808730353015
1985-03-04,1995-02-28,55.66297579300523
1985-04-02,1995-03-30,58.97183330241693
1985-05-02,1995-04-28,61.395571808755086
1985-06-03,1995-05-26,62.60968900161561
1985-07-01,1995-06-28,67.60881655639226
1985-07-31,1995-07-28,72.6468248387161
1985-08-30,1995-08-25,70.22591924998288
1985-09-30,1995-09-26,75.08920466917682
1985-10-29,1995-10-26,71.82187090184266
1985-11-29,1995-11-24,76.84088972492124
1985-12-30,1995-12-22,78.58125267909377
1986-01-27,1996-01-24,79.3381613002982
1986-02-26,1996-02-23,88.76672253889386
1986-03-31,1996-03-22,84.6435326981071
1986-04-28,1996-04-23,83.4108432062648
1986-05-27,1996-05-23,88.74680750269027
1986-06-26,1996-06-21,84.72947594775033
1986-07-28,1996-07-22,74.3787353616299
1986-08-25,1996-08-21,81.38565055948533
1986-09-24,1996-09-20,86.0691840693883
1986-10-24,1996-10-18,90.82932334143538
1986-11-24,1996-11-19,97.52354257817413
1986-12-23,1996-12-19,96.83282652826205
1987-01-22,1997-01-17,102.86455772518434
1987-02-23,1997-02-14,109.66847495103602
1987-03-23,1997-03-19,102.15738662648232
1987-04-22,1997-04-18,95.92845823406999
1987-05-22,1997-05-16,110.66086272186355
1987-06-22,1997-06-17,125.16995790498255
1987-07-21,1997-07-17,132.86396709423437
1987-08-20,1997-08-15,123.41754841971586
1987-09-21,1997-09-15,126.76664882076349
1987-10-19,1997-10-15,137.47219670989702
1987-11-18,1997-11-14,125.81220363463667
1987-12-18,1997-12-12,129.26854910030602
1988-01-18,1998-01-13,126.6615987396784
1988-02-16,1998-02-12,141.23050368199546
1988-03-17,1998-03-13,149.10040881165884
1988-04-18,1998-04-13,156.07953720937184
1988-05-16,1998-05-13,155.49220019608615
1988-06-15,1998-06-12,148.14650621107359
1988-07-15,1998-07-10,160.2639954721176
1988-08-15,1998-08-11,136.66668872386265
1988-09-13,1998-09-10,114.58588412582395
1988-10-13,1998-10-09,113.2462184783019
1988-11-14,1998-11-09,142.42092330004778
1988-12-12,1998-12-09,150.97780508317433
1989-01-11,1999-01-08,167.35924950621902
1989-02-10,1999-02-05,157.10818835502616
1989-03-13,1999-03-09,162.6284339964036
1989-04-11,1999-04-08,172.86132008842677
1989-05-11,1999-05-07,170.1904235380622
1989-06-12,1999-06-07,165.2993485730013
1989-07-10,1999-07-07,174.706269345848
1989-08-09,1999-08-06,153.3928650214426
1989-09-08,1999-09-03,162.14573636575616
1989-10-09,1999-10-05,149.0293360118432
1989-11-07,1999-11-04,158.52264831804544
1989-12-07,1999-12-03,169.26747161597834
1990-01-08,2000-01-03,170.8076730465682
1990-02-05,2000-02-02,159.7307613946435
1990-03-07,2000-03-03,157.03123942649907
1990-04-06,2000-03-31,171.89615086390947
1990-05-07,2000-05-02,158.24581692120924
1990-06-05,2000-06-01,155.97476001822207
1990-07-05,2000-06-30,155.86980536853955
1990-08-06,2000-07-31,149.3591155812784
1990-09-04,2000-08-30,158.9916992362247
1990-10-03,2000-09-29,144.72716306785895
1990-11-02,2000-10-27,132.07901945986552
1990-12-03,2000-11-28,121.97602615664884
1991-01-02,2000-12-28,119.08013651307243
1991-01-31,2001-01-26,121.34357861027199
1991-03-04,2001-02-26,103.43510171740154
1991-04-01,2001-03-28,83.25445456144992
1991-05-01,2001-04-27,97.20500798752613
1991-05-31,2001-05-25,100.21817623947862
1991-07-01,2001-06-26,87.81942233082285
1991-07-30,2001-07-26,84.89424752973969
1991-08-29,2001-08-24,80.34083753219782
1991-09-30,2001-09-24,51.384094820671386
1991-10-28,2001-10-24,62.26653400924654
1991-11-27,2001-11-23,70.53827168676025
1991-12-27,2001-12-21,67.90198360655526
1992-01-27,2002-01-22,62.68799244109749
1992-02-25,2002-02-21,55.750961111017396
1992-03-26,2002-03-22,64.0646461255577
1992-04-27,2002-04-22,56.75768073576639
1992-05-26,2002-05-22,52.30619197669897
1992-06-24,2002-06-21,37.5833048764809
1992-07-24,2002-07-19,16.91049923853598
1992-08-24,2002-08-20,28.335236608612487
1992-09-22,2002-09-19,14.544040563917864
1992-10-22,2002-10-18,19.238092783539894
1992-11-23,2002-11-18,20.413888942360266
1992-12-21,2002-12-18,18.195344986752705
1993-01-20,2003-01-17,18.745941336407252
1993-02-19,2003-02-14,9.177565691104734
1993-03-22,2003-03-18,12.48849866138369
1993-04-20,2003-04-17,15.24490215137558
1993-05-20,2003-05-16,20.852783041625845
1993-06-21,2003-06-16,28.397241704950265
1993-07-19,2003-07-16,25.289603342331173
1993-08-18,2003-08-15,23.834779159295202
1993-09-17,2003-09-12,26.324668903184612
1993-10-18,2003-10-14,29.08321860333592
1993-11-16,2003-11-13,29.149727711289636
1993-12-16,2003-12-12,29.99071781567703
1994-01-17,2004-01-12,35.21215989869158
1994-02-14,2004-02-11,37.735318344655106
1994-03-16,2004-03-12,32.12146657621342
1994-04-15,2004-04-08,33.1231046714073
1994-05-16,2004-05-11,26.816570596505684
1994-06-14,2004-06-10,30.26892869457144
1994-07-14,2004-07-09,26.349700517763146
1994-08-15,2004-08-09,19.799271957482045
1994-09-12,2004-09-08,24.403710367609317
1994-10-12,2004-10-08,23.872204725829725
1994-11-11,2004-11-05,27.541628666985336
1994-12-12,2004-12-07,27.443602083901524
1995-01-10,2005-01-06,27.235709997771885
1995-02-09,2005-02-04,27.496659922409393
1995-03-13,2005-03-07,28.56692789389709
1995-04-10,2005-04-06,23.05734557900743
1995-05-10,2005-05-06,20.622768199332576
1995-06-09,2005-06-03,22.119838152610658
1995-07-10,2005-07-05,21.950157099498057
1995-08-08,2005-08-04,24.06560148642448
1995-09-07,2005-09-02,21.282221893107085
1995-10-09,2005-10-03,21.205356570407375
1995-11-06,2005-11-02,19.1121296126287
1995-12-06,2005-12-02,23.059549736259875
1996-01-05,2005-12-30,20.77181275402222
1996-02-05,2006-01-31,22.95077041892902
1996-03-05,2006-03-02,22.763745402889548
1996-04-04,2006-03-31,22.686191713106123
1996-05-06,2006-05-01,22.69030676014435
1996-06-03,2006-05-31,18.734094215204095
1996-07-03,2006-06-30,17.990421772058486
1996-08-02,2006-07-28,17.982925199305388
1996-09-03,2006-08-29,19.571832765018918
1996-10-01,2006-09-28,21.89074799153291
1996-10-31,2006-10-27,25.172912261053632
1996-12-02,2006-11-27,24.212064546671247
1996-12-30,2006-12-27,28.035922163692906
1997-01-29,2007-01-26,26.8150685983302
1997-02-28,2007-02-23,28.670896743120792
1997-03-31,2007-03-27,26.092170555382584
1997-04-29,2007-04-26,31.051061099019496
1997-05-29,2007-05-25,32.11551825122256
1997-06-30,2007-06-25,29.822613386697235
1997-07-28,2007-07-25,30.926527232568425
1997-08-27,2007-08-24,27.16289726897678
1997-09-26,2007-09-21,30.590791924050432
1997-10-27,2007-10-23,29.664226096044217
1997-11-25,2007-11-21,20.316351871237895
1997-12-26,2007-12-21,25.65919370001447
1998-01-26,2008-01-18,11.78553915965251
1998-02-23,2008-02-20,14.315513707859568
1998-03-25,2008-03-20,11.465490640864802
1998-04-24,2008-04-18,16.360694302476414
1998-05-26,2008-05-20,18.091682688599448
1998-06-23,2008-06-19,11.956035130683775
1998-07-23,2008-07-18,4.994130527357878
1998-08-24,2008-08-18,6.419092734702299
1998-09-21,2008-09-17,-3.9106067685075416
1998-10-21,2008-10-17,-21.996891953673487
1998-11-20,2008-11-14,-27.531653014675868
1998-12-21,2008-12-16,-23.96014826586896
1999-01-19,2009-01-15,-29.584580391853866
1999-02-18,2009-02-13,-30.697441533011716
1999-03-22,2009-03-16,-36.45001256763557
1999-04-19,2009-04-15,-27.84760059678965
1999-05-19,2009-05-15,-24.967952752050003
1999-06-18,2009-06-12,-19.360039923268467
1999-07-19,2009-07-14,-22.557522501088506
1999-08-17,2009-08-13,-13.186605537395616
1999-09-16,2009-09-11,-10.386420505060586
1999-10-18,2009-10-12,-7.305913134141369
1999-11-15,2009-11-11,-5.256174452313043
1999-12-15,2009-12-11,-4.4131840583396595
2000-01-14,2010-01-08,-0.9197283028045431
2000-02-14,2010-02-09,-7.145916159612396
2000-03-14,2010-03-11,-0.05295228822212288
2000-04-13,2010-04-09,3.9230020397139582
2000-05-15,2010-05-10,1.0479441129737699
2000-06-12,2010-06-09,-7.801828019776208
2000-07-12,2010-07-09,-5.615334985431616
2000-08-11,2010-08-06,-1.6031124545955338
2000-09-11,2010-09-07,-3.9825865361213983
2000-10-10,2010-10-07,2.0568295427813363
2000-11-09,2010-11-05,8.166680625530612
2000-12-11,2010-12-06,8.00578479398665
2001-01-08,2011-01-05,12.781848228699427
2001-02-07,2011-02-04,15.824736599353297
2001-03-09,2011-03-04,16.76016308979927
2001-04-09,2011-04-05,17.715394150069248
2001-05-08,2011-05-05,17.77784707246902
2001-06-07,2011-06-03,14.650117811009814
2001-07-09,2011-07-01,18.121918945800704
2001-08-06,2011-08-03,11.078698817849606
2001-09-05,2011-09-02,3.464836886686476
2001-10-05,2011-09-30,-0.31515198174023074
2001-11-05,2011-11-01,7.237496661535306
2001-12-04,2011-12-01,9.434447723583549
2002-01-03,2011-12-30,10.577076791390452
2002-02-04,2012-01-30,15.391653451445533
2002-03-04,2012-02-29,19.820892257965806
2002-04-03,2012-03-30,23.431337705275883
2002-05-03,2012-04-27,22.781558633650306
2002-06-03,2012-05-29,16.330371996456627
2002-07-02,2012-06-28,15.862414256303175
2002-08-01,2012-07-27,20.453031637365786
2002-09-03,2012-08-27,22.10569310337819
2002-09-30,2012-09-26,24.007933432760364
2002-10-30,2012-10-26,21.468595251434795
2002-11-29,2012-11-23,20.688067879169168
2002-12-30,2012-12-24,21.84411097281565
2003-01-28,2013-01-24,27.1851730912164
2003-02-27,2013-02-22,28.36211272756938
2003-03-31,2013-03-25,30.70756373567144
2003-04-28,2013-04-24,32.19362660180774
2003-05-28,2013-05-24,37.43615238256801
2003-06-27,2013-06-21,32.08182027983158
2003-07-28,2013-07-23,39.78589688845576
2003-08-26,2013-08-22,36.264359721550946
2003-09-25,2013-09-20,40.088657538719055
2003-10-27,2013-10-21,42.331399914003434
2003-11-24,2013-11-20,44.74335342108
2003-12-24,2013-12-20,47.1210653040499
2004-01-23,2014-01-17,48.17081667041151
2004-02-23,2014-02-18,47.870799250081056
2004-03-23,2014-03-20,49.939304025763825
2004-04-22,2014-04-17,48.765100020799366
2004-05-24,2014-05-19,49.86739435209363
2004-06-21,2014-06-18,54.93568778179635
2004-07-21,2014-07-18,56.045765116526105
2004-08-20,2014-08-15,53.59206355067546
2004-09-20,2014-09-16,56.34174988814053
2004-10-19,2014-10-16,45.14194291919347
2004-11-18,2014-11-14,58.17861723942923
2004-12-20,2014-12-15,53.69428062438229
2005-01-18,2015-01-14,54.789200761772626
2005-02-16,2015-02-13,60.76961462209387
2005-03-18,2015-03-13,56.85153028883141
2005-04-18,2015-04-14,59.513070530704994
2005-05-17,2015-05-14,60.72243036279632
2005-06-16,2015-06-12,58.01205857804895
2005-07-18,2015-07-13,57.79690787568493
2005-08-15,2015-08-12,56.19012781212115
2005-09-14,2015-09-11,46.35821964257574
2005-10-14,2015-10-09,49.930960481466414
2005-11-14,2015-11-10,54.235692709411076
2005-12-13,2015-12-10,51.47977383749161
2006-01-12,2016-01-08,41.38856025507705
2006-02-13,2016-02-08,35.960235574839466
2006-03-13,2016-03-09,45.45963415036292
2006-04-12,2016-04-08,49.23400911753654
2006-05-12,2016-05-06,49.44033285270467
2006-06-12,2016-06-07,52.967660397247776
2006-07-11,2016-07-07,51.36867783733763
2006-08-10,2016-08-05,56.911743037290606
2006-09-11,2016-09-02,56.129445842311355
2006-10-09,2016-10-05,54.11234763870157
2006-11-08,2016-11-04,48.31655191363254
2006-12-08,2016-12-02,55.418397581711986
2007-01-08,2017-01-03,59.59598835247842
2007-02-06,2017-02-02,60.71404207876263
2007-03-08,2017-03-03,67.3833600145198
2007-04-09,2017-04-03,65.09485539440233
2007-05-07,2017-05-03,66.5846049106032
2007-06-06,2017-06-02,69.64845480203051
2007-07-06,2017-06-30,68.62340007231566
2007-08-06,2017-08-01,71.21299554823695
2007-09-04,2017-08-31,70.9087080029186
2007-10-04,2017-09-29,73.64960125024054
2007-11-05,2017-10-30,76.79908319847442
2007-12-03,2017-11-29,79.84921934487781
2008-01-02,2017-12-29,82.4351224246568
2008-02-01,2018-01-26,95.26548033614839
2008-03-03,2018-02-27,85.69689587214899
2008-04-01,2018-03-29,77.8683342142714
2008-05-01,2018-04-27,79.0621541527598
2008-06-02,2018-05-25,81.75584961476127
2008-06-30,2018-06-27,79.765166302485
2008-07-30,2018-07-27,86.73717926155878
2008-08-29,2018-08-24,89.39981842187925
2008-09-29,2018-09-25,91.33783203063092
2008-10-28,2018-10-25,76.75215968262712
2008-11-28,2018-11-23,70.63914102049449
2008-12-29,2018-12-24,50.777907646216356
2009-01-26,2019-01-23,67.84886287524274
2009-02-25,2019-02-22,75.95813765207102
2009-03-27,2019-03-22,73.79823984770668
2009-04-27,2019-04-23,79.76200290238666
2009-05-26,2019-05-23,70.91544821852057
2009-06-25,2019-06-21,76.95391339180318
2009-07-27,2019-07-22,77.01865427028216
2009-08-24,2019-08-21,71.72858077204278
2009-09-23,2019-09-20,73.99352366518595
2009-10-23,2019-10-18,72.05476830985326
2009-11-23,2019-11-19,78.0848897030535
2009-12-22,2019-12-19,81.38363652149481
2010-01-21,2020-01-17,86.83391928809921
2010-02-22,2020-02-14,87.9840310108452
2010-03-22,2020-03-18,32.14411243196861
2010-04-21,2020-04-17,57.27608169433805
2010-05-21,2020-05-15,55.76279157334122
2010-06-21,2020-06-16,68.34013741415221
2010-07-20,2020-07-16,71.56513380696316
2010-08-19,2020-08-14,78.34571263148992
2010-09-20,2020-09-14,76.96277916593148
2010-10-18,2020-10-14,80.70919823827909
2010-11-17,2020-11-13,84.11314625639396
2010-12-17,2020-12-11,86.31614227111989
2011-01-18,2021-01-12,91.60006786803332
2011-02-15,2021-02-11,95.72651931644698
2011-03-17,2021-03-12,95.51898776531789
2011-04-18,2021-04-12,102.89807481451348
2011-05-16,2021-05-12,97.99264933729687
2011-06-15,2021-06-11,105.27717859435855
2011-07-15,2021-07-09,109.2090769405974
2011-08-15,2021-08-10,110.67139022299219
2011-09-13,2021-09-09,111.17635480761483
2011-10-13,2021-10-08,103.83756375983208
2011-11-14,2021-11-08,115.77251416575827
2011-12-12,2021-12-08,113.52757841774567
2012-01-11,2022-01-07,110.07297485699223
2012-02-10,2022-02-04,100.0468329205856
2012-03-12,2022-03-08,83.62472659205531
2012-04-10,2022-04-07,96.35434720596211
2012-05-10,2022-05-06,78.3078250121257
2012-06-11,2022-06-06,76.48464332994467
2012-07-09,2022-07-06,63.07641699186419
2012-08-08,2022-08-05,74.05558311697872
2012-09-07,2022-09-02,63.2305160085211
2012-10-08,2022-10-04,56.34053208992164
2012-11-06,2022-11-03,52.09520341914252
2012-12-06,2022-12-02,64.94173381821543
2013-01-07,2022-12-30,54.56951256409606
2013-02-04,2023-02-01,63.87372382236749
2013-03-06,2023-03-03,59.52443163906166
2013-04-05,2023-03-31,61.17631413239678
2013-05-06,2023-05-02,59.64792541640457
2013-06-04,2023-06-01,62.260612868065635
2013-07-05,2023-06-30,70.20595655754644
2013-08-05,2023-07-31,74.02053476939294
2013-09-03,2023-08-30,69.82908677821821
2013-10-02,2023-09-29,59.910651725084854
2013-11-01,2023-10-27,52.32011436154587
2013-12-02,2023-11-28,67.24696620618379
2013-12-31,2023-12-28,74.98807918047544
2014-01-30,2024-01-26,77.63698056576527
2014-03-03,2024-02-26,81.7376749040819
2014-03-31,2024-03-27,87.40921647918638
2014-04-30,2024-04-26,80.66014120945049
2014-05-30,2024-05-24,86.41180974926255
2014-06-30,2024-06-25,90.65870623737005
2014-07-29,2024-07-25,86.75826003887934
2014-08-28,2024-08-23,93.30472271586878
2014-09-29,2024-09-23,94.70221425780727
2014-10-27,2024-10-23,95.78420170023067
2014-11-26,2024-11-22,99.87142852163842
2014-12-26,2024-12-20,96.98819848933461
2015-01-26,2025-01-21,99.38017746296566
